<Employees xmlns="">
  <Employee>
    <ID>0104</ID>
    <FirstName>Hugo</FirstName>
    <LastName>Bench</LastName>
    <Email>bench@ace.com</Email>
    <Phone>425-922-3387</Phone>
    <Office>a-2135</Office>
  </Employee>
  <Employee>
    <ID>0101</ID>
    <FirstName>Susan</FirstName>
    <LastName>Emrich</LastName>
    <Email>emrich@ace.com</Email>
    <Phone>425-922-6775</Phone>
    <Office>a-2136</Office>
  </Employee>
  <Employee>
    <ID>0201</ID>
    <FirstName>Lilian</FirstName>
    <LastName>Dargent</LastName>
    <Email>dargent@ace.com</Email>
    <Phone>425-922-3447</Phone>
    <Office>b-2323</Office>
  </Employee>
  <Employee>
    <ID>0301</ID>
    <FirstName>Fred</FirstName>
    <LastName>Gold</LastName>
    <Email>gold@ace.com</Email>
    <Phone>425-923-3944</Phone>
    <Office>b-4432</Office>
  </Employee>
  <Employee>
    <ID>0205</ID>
    <FirstName>Zack</FirstName>
    <LastName>Zcerious</LastName>
    <Email>zcerious@ace.com</Email>
    <Phone>425-922-9992</Phone>
    <Office>b-2223</Office>
  </Employee>
</Employees>