<SampleData>

  <People>
    <Person
        DisplayName="Woodgrove Bank"
        IMAddress="Support@woodgrovebank.com"
        UserTile=".\user_tiles\Adventure Works.jpg">
        <EmailAddresses>
            <EmailAddress
                Type="Work"
                Address="mortgage@woodgrovebank.com"/>
            <EmailAddress
                Type="Primary"
                Address="Support@woodgrovebank.com"/>
        </EmailAddresses>
        <PhoneNumbers>
            <PhoneNumber
                Type="Work"
                CountryCode="1"
                AreaCode="222"
                Number="555-5846"/>
            <PhoneNumber
                Type="Primary"
                CountryCode="1"
                AreaCode="222"
                Number="555-2341"/>
        </PhoneNumbers>
    </Person>
    <Person
        DisplayName="Wing Tip Toys"
        IMAddress="Support@wingtiptoys.com"
        UserTile=".\user_tiles\Blue Yonder Airlines.jpg">
        <EmailAddresses>
            <EmailAddress
                Type="Work"
                Address="reserve@wingtiptoys.com"/>
            <EmailAddress
                Type="Primary"
                Address="Support@wingtiptoys.com"/>
        </EmailAddresses>
        <PhoneNumbers>
            <PhoneNumber
                Type="Work"
                CountryCode="1"
                AreaCode="222"
                Number="555-2974"/>
            <PhoneNumber
                Type="Primary"
                CountryCode="1"
                AreaCode="222"
                Number="555-5632"/>
        </PhoneNumbers>
    </Person>
    <Person
        DisplayName="Wide World Importers"
        UserTile=".\user_tiles\Wide World Importers.jpg"
        IMAddress="Support@WideWorldImporters.com">
        <EmailAddresses>
            <EmailAddress
                Type="Work"
                Address="import@wideworldimporters.com"/>
            <EmailAddress
                Type="Primary"
                Address="support@wideworldimporters.com"/>
        </EmailAddresses>
        <PhoneNumbers>
            <PhoneNumber
                Type="Work"
                CountryCode="1"
                AreaCode="222"
                Number="555-7878"/>
            <PhoneNumber
                Type="Primary"
                CountryCode="1"
                AreaCode="222"
                Number="555-6546"/>
        </PhoneNumbers>
    </Person>
    <Person
        DisplayName="Northwind Traders"
        UserTile=".\user_tiles\Northwind Traders.jpg"
        IMAddress="Support@NorthwindTraders.com">
        <EmailAddresses>
            <EmailAddress
                Type="Work"
                Address="nwtrade@northwindtraders.com"/>
            <EmailAddress
                Type="Primary"
                Address="support@northwindtraders.com"/>
        </EmailAddresses>
        <PhoneNumbers>
            <PhoneNumber
                Type="Work"
                CountryCode="1"
                AreaCode="222"
                Number="243-7457"/>
            <PhoneNumber
                Type="Primary"
                CountryCode="1"
                AreaCode="222"
                Number="243-4537"/>
        </PhoneNumbers>
    </Person>
    <Person
        UserTile=".\user_tiles\Soccer Team.jpg"
        DisplayName="Soccer Team">
    </Person>
    <Person
        UserTile=".\user_tiles\HS ReUnion Committee.jpg"
        DisplayName="HS ReUnion Committee">
        <EmailAddresses>
            <EmailAddress
                Type="Work"
                Address="travel@maplehs.edu"/>
            <EmailAddress
                Type="Primary"
                Address="reunion2003@maplehs.edu"/>
        </EmailAddresses>
    </Person>
    <Person
        UserTile=".\user_tiles\All Dinnertime Friends.jpg"
        DisplayName="All Dinnertime Friends"/>
    <Person
        UserTile=".\user_tiles\MSDN Developer Chat.jpg"
        DisplayName="MSDN Developer Chat">
        <EmailAddresses>
            <EmailAddress
                Type="Work"
                Address="msdnhelp@msdn.com"/>
            <EmailAddress
                Type="Primary"
                Address="msdndevchat@msdn.com"/>
        </EmailAddresses>
    </Person>
    <Person
        Title="Mr."
        FirstName="William"
        LastName="Gates"
        DisplayName="Bill Gates"
        UserTile=".\user_tiles\Bill Gates.jpg"
        IMAddress="Gates@microsoft.com"
        OnlineStatus="Online">
        <EmailAddresses>
            <EmailAddress
                Type="Home"
                Address="bill_gates@contoso.com"/>
            <EmailAddress
                Type="Work"
                Address="bill@microsoft.com"/>
            <EmailAddress
                Type="Primary"
                Address="gates@contoso.com"/>
        </EmailAddresses>
        <PhoneNumbers>
            <PhoneNumber
                Type="Home"
                CountryCode="1"
                AreaCode="333"
                Number="234-4456"/>
            <PhoneNumber
                Type="Work"
                CountryCode="1"
                AreaCode="333"
                Number="456-4536"
                Extension="3465"/>
            <PhoneNumber
                Type="Cell"
                CountryCode="1"
                AreaCode="333"
                Number="475-5867"/>
            <PhoneNumber
                Type="Primary"
                CountryCode="1"
                AreaCode="333"
                Number="234-4567"/>
        </PhoneNumbers>
        <PostalAddresses>
            <PostalAddress
                Street="1 Lake View"
                City="Seattle"
                State="Washington"
                PostalCode="98042-3423"
                CountryRegion="USA"/>
            <PostalAddress
                Street="12 Ocean View"
                City="Summer City"
                State="Oregon"
                PostalCode="23484"
                CountryRegion="USA"/>
        </PostalAddresses>
    </Person>
    <Person
        Title="Mr."
        FirstName="Terry"
        LastName="Adams"
        DisplayName="Terry Adams"
        UserTile=".\user_tiles\Terry Adams.jpg"
        IMAddress="TAdams@contoso.com"
        OnlineStatus="Online">
        <EmailAddresses>
            <EmailAddress
                Type="Home"
                Address="Tadams@contoso.com"/>
            <EmailAddress
                Type="Work"
                Address="terry@northwindtraders.com"/>
            <EmailAddress
                Type="Primary"
                Address="tadams@northwindtraders.com"/>
        </EmailAddresses>
        <PhoneNumbers>
            <PhoneNumber
                Type="Home"
                CountryCode="1"
                AreaCode="333"
                Number="485-4856"/>
            <PhoneNumber
                Type="Work"
                CountryCode="1"
                AreaCode="333"
                Number="356-7878"/>
            <PhoneNumber
                Type="Cell"
                CountryCode="1"
                AreaCode="333"
                Number="367-4857"/>
            <PhoneNumber
                Type="Primary"
                CountryCode="1"
                AreaCode="333"
                Number="356-3845"/>
        </PhoneNumbers>
    </Person>
    <Person
        Title="Mr."
        FirstName="Jay"
        LastName="Adams"
        DisplayName="Jay Adams"
        UserTile=".\user_tiles\Jay Adams.jpg"
        IMAddress="Me2@contoso.com"
        OnlineStatus="Offline">
        <EmailAddresses>
            <EmailAddress
                Type="Home"
                Address="jay@contoso.com"/>
            <EmailAddress
                Type="Work"
                Address="jayadams@treyresearch.com"/>
            <EmailAddress
                Type="Primary"
                Address="me2@contoso.com"/>
        </EmailAddresses>
        <PhoneNumbers>
            <PhoneNumber
                Type="Home"
                CountryCode="1"
                AreaCode="444"
                Number="348-4353"/>
            <PhoneNumber
                Type="Work"
                CountryCode="1"
                AreaCode="444"
                Number="394-4534"
                Extension="342"/>
            <PhoneNumber
                Type="Cell"
                CountryCode="1"
                AreaCode="333"
                Number="859-6544"/>
            <PhoneNumber
                Type="Primary"
                CountryCode="1"
                AreaCode="333"
                Number="859-5435"/>
        </PhoneNumbers>
    </Person>
    <Person
        FirstName="Erin"
        MiddleName="M"
        LastName="Hagens"
        DisplayName="Erin Hagens"
        UserTile=".\user_tiles\Erin Hagens.jpg"
        IMAddress="BlueSky@contoso.com"
        OnlineStatus="Busy">
        <EmailAddresses>
            <EmailAddress
                Type="Home"
                Address="Bluesky@contoso.com"/>
            <EmailAddress
                Type="Work"
                Address="Erin@blueyonderairlines.com"/>
            <EmailAddress
                Type="Primary"
                Address="ErinHag@blueyonderairlines.com"/>
        </EmailAddresses>
        <PhoneNumbers>
            <PhoneNumber
                Type="Home"
                CountryCode="1"
                AreaCode="555"
                Number="555-1212"/>
            <PhoneNumber
                Type="Work"
                CountryCode="1"
                AreaCode="555"
                Number="344-5634"/>
            <PhoneNumber
                Type="Cell"
                CountryCode="1"
                AreaCode="555"
                Number="250-7511"/>
            <PhoneNumber
                Type="Primary"
                CountryCode="1"
                AreaCode="555"
                Number="250-3843"/>
        </PhoneNumbers>
    </Person>
    <Person
        FirstName="Cristian"
        LastName="Petculescu"
        DisplayName="Cristian Petculescu"
        UserTile=".\user_tiles\Cristian Petculescu.jpg"
        IMAddress="FurryRabit@contoso.com"
        OnlineStatus="Offline">
        <EmailAddresses>
            <EmailAddress
                Type="Home"
                Address="cristian@contoso.com"/>
            <EmailAddress
                Type="Work"
                Address="CrPet@wingtiptoys.com"/>
            <EmailAddress
                Type="Primary"
                Address="FurryRabit@contoso.com"/>
        </EmailAddresses>
        <PhoneNumbers>
            <PhoneNumber
                Type="Work"
                CountryCode="1"
                AreaCode="333"
                Number="498-1228"
                Extension="5432"/>
            <PhoneNumber
                Type="Cell"
                CountryCode="1"
                AreaCode="444"
                Number="849-3923"/>
            <PhoneNumber
                Type="Primary"
                CountryCode="1"
                AreaCode="333"
                Number="498-4534"/>
        </PhoneNumbers>
    </Person>
    <Person
        FirstName="Gary"
        MiddleName="E"
        LastName="Altman"
        Suffix="III"
        DisplayName="Gary E Altman III"
        UserTile=".\user_tiles\Gary E Altman III.jpg"
        IMAddress="GaryE@contoso.com">
        <EmailAddresses>
            <EmailAddress
                Type="Home"
                Address="GaryE@contoso.com"/>
            <EmailAddress
                Type="Work"
                Address="Gary@thephone-company.com"/>
            <EmailAddress
                Type="Primary"
                Address="GaryAlt@thephone-company.com"/>
        </EmailAddresses>
        <PhoneNumbers>
            <PhoneNumber
                Type="Home"
                CountryCode="1"
                AreaCode="222"
                Number="485-3453"/>
            <PhoneNumber
                Type="Work"
                CountryCode="1"
                AreaCode="666"
                Number="666-7555"
                Extension="222"/>
            <PhoneNumber
                Type="Primary"
                CountryCode="1"
                AreaCode="666"
                Number="666-3333"
                Extension="222"/>
        </PhoneNumbers>
    </Person>
    <Person
        FirstName="Dan"
        MiddleName="K"
        LastName="Bacon"
        Suffix="Jr."
        DisplayName="Dan Bacon"
        UserTile=".\user_tiles\Dan Bacon.jpg"
        IMAddress="Piggyback@contoso.com"
        OnlineStatus="Online">
        <EmailAddresses>
            <EmailAddress
                Type="Home"
                Address="Piggyback@contoso.com"/>
            <EmailAddress
                Type="Work"
                Address="Dan@fabrikam.com"/>
            <EmailAddress
                Type="Primary"
                Address="DanBac@fabrikam.com"/>
        </EmailAddresses>
        <PhoneNumbers>
            <PhoneNumber
                Type="Home"
                CountryCode="1"
                AreaCode="666"
                Number="384-3948"/>
            <PhoneNumber
                Type="Cell"
                CountryCode="1"
                AreaCode="666"
                Number="485-6473"/>
            <PhoneNumber
                Type="Primary"
                CountryCode="1"
                AreaCode="666"
                Number="485-2384"/>
        </PhoneNumbers>
    </Person>
    <Person
        FirstName="Katherine"
        LastName="Berger"
        NickName="Kate"
        DisplayName="Kate Berger"
        UserTile=".\user_tiles\Katherine Berger.jpg"
        IMAddress="Katedid@contoso.com"
        OnlineStatus="Online">
        <EmailAddresses>
            <EmailAddress
                Type="Home"
                Address="Katherine@contoso.com"/>
            <EmailAddress
                Type="Work"
                Address="KateBerg@fourthcoffee.com"/>
            <EmailAddress
                Type="Primary"
                Address="KateDid@contoso.com"/>
        </EmailAddresses>
        <PhoneNumbers>
            <PhoneNumber
                Type="Cell"
                CountryCode="1"
                AreaCode="777"
                Number="943-4496"/>
            <PhoneNumber
                Type="Work"
                CountryCode="1"
                AreaCode="777"
                Number="945-2984"
                Extension="4557"/>
            <PhoneNumber
                Type="Primary"
                CountryCode="1"
                AreaCode="777"
                Number="943-4089"/>
        </PhoneNumbers>
    </Person>
    <Person
        FirstName="Tzipi"
        LastName="Butnari"
        DisplayName="Tzipi Butnari"
        UserTile=".\user_tiles\Tzipi Butnari.jpg"
        IMAddress="Tbutnare@northwindtraders.com"
        OnlineStatus="Away">
        <EmailAddresses>
            <EmailAddress
                Type="Work"
                Address="tzipi@northwindtraders.com"/>
            <EmailAddress
                Type="Primary"
                Address="tbutnare@northwindtraders.com"/>
        </EmailAddresses>
        <PhoneNumbers>
            <PhoneNumber
                Type="Home"
                CountryCode="1"
                AreaCode="444"
                Number="845-4982"/>
            <PhoneNumber
                Type="Work"
                CountryCode="1"
                AreaCode="444"
                Number="384-4857"/>
            <PhoneNumber
                Type="Cell"
                CountryCode="1"
                AreaCode="444"
                Number="342-3945"/>
            <PhoneNumber
                Type="Primary"
                CountryCode="1"
                AreaCode="444"
                Number="845-3948"/>
        </PhoneNumbers>
    </Person>
    <Person
        FirstName="Matthew"
        MiddleName="J"
        LastName="Cavallari"
        DisplayName="Matt Cavallari"
        UserTile=".\user_tiles\Matthew Cavallari.jpg"
        IMAddress="MattCav@blueyonderairlines.com"
        OnlineStatus="Online">
        <EmailAddresses>
            <EmailAddress
                Type="Work"
                Address="MatthewC@blueyonderairlines.com"/>
            <EmailAddress
                Type="Primary"
                Address="MattCav@blueyonderairlines.com"/>
        </EmailAddresses>
        <PhoneNumbers>
            <PhoneNumber
                Type="Home"
                CountryCode="1"
                AreaCode="555"
                Number="594-2493"/>
            <PhoneNumber
                Type="Work"
                CountryCode="1"
                AreaCode="555"
                Number="452-6322"
                Extension="7984"/>
            <PhoneNumber
                Type="Primary"
                CountryCode="1"
                AreaCode="555"
                Number="452-5487"
                Extension="8552"/>
        </PhoneNumbers>
    </Person>
    <Person
        FirstName="Oscar"
        LastName="Del Moral Negugogor"
        DisplayName="Oscar Del Moral Negugogor"
        UserTile=".\user_tiles\Oscar Del Moral Negugogor.jpg"
        IMAddress="OscarDel@adventureWorks.com"
        OnlineStatus="Away">
        <EmailAddresses>
            <EmailAddress
                Type="Work"
                Address="OscarDMN@adventure-Works.com"/>
            <EmailAddress
                Type="Primary"
                Address="OscarDel@adventure-Works.com"/>
        </EmailAddresses>
        <PhoneNumbers>
            <PhoneNumber
                Type="Cell"
                CountryCode="1"
                AreaCode="444"
                Number="582-1859"/>
            <PhoneNumber
                Type="Home"
                CountryCode="1"
                AreaCode="555"
                Number="682-5125"/>
            <PhoneNumber
                Type="Primary"
                CountryCode="1"
                AreaCode="444"
                Number="582-6541"/>
        </PhoneNumbers>
    </Person>
    <Person
        FirstName="Gail"
        MiddleName="A"
        LastName="Erickson"
        NickName="Floppy"
        DisplayName="Gail Erickson"
        UserTile=".\user_tiles\Gail Erickson.jpg"
        IMAddress="GailForce@contoso.com">
        <EmailAddresses>
            <EmailAddress
                Type="Home"
                Address="GailEric@contoso.com"/>
            <EmailAddress
                Type="Work"
                Address="GailEr@fineartschool.net"/>
            <EmailAddress
                Type="Primary"
                Address="GailForce@contoso.com"/>
        </EmailAddresses>
        <PhoneNumbers>
            <PhoneNumber
                Type="Home"
                CountryCode="1"
                AreaCode="666"
                Number="521-3964"/>
            <PhoneNumber
                Type="Work"
                CountryCode="1"
                AreaCode="666"
                Number="589-9685"
                Extension="112"/>
            <PhoneNumber
                Type="Cell"
                CountryCode="1"
                AreaCode="777"
                Number="546-5225"/>
            <PhoneNumber
                Type="Primary"
                CountryCode="1"
                AreaCode="666"
                Number="521-5201"/>
        </PhoneNumbers>
    </Person>
    <Person
        FirstName="Gregory"
        MiddleName="J"
        LastName="Erickson"
        DisplayName="Greg Erickson"
        UserTile=".\user_tiles\Gregory Erickson.jpg"
        IMAddress="BluePilot@contoso.com"
        OnlineStatus="Online">
        <EmailAddresses>
            <EmailAddress
                Type="Home"
                Address="BluePilot@contoso.com"/>
            <EmailAddress
                Type="Work"
                Address="GregJE@blueyonderairlines.com"/>
    
            <EmailAddress
                Type="Primary"
                Address="GregEr@blueyonderairlines.com"/>
        </EmailAddresses>
        <PhoneNumbers>
            <PhoneNumber
                Type="Home"
                CountryCode="1"
                AreaCode="111"
                Number="158-5854"/>
            <PhoneNumber
                Type="Work"
                CountryCode="1"
                AreaCode="111"
                Number="526-9548"/>
            <PhoneNumber
                Type="Primary"
                CountryCode="1"
                AreaCode="111"
                Number="526-8542"/>
        </PhoneNumbers>
    </Person>
    <Person
        FirstName="Don"
        LastName="Funk"
        NickName="Funky"
        DisplayName="Don 'Funky'Funk"
        UserTile=".\user_tiles\Don Funky Funk.jpg"
        IMAddress="Hippie@contoso.com">
        <EmailAddresses>
            <EmailAddress
                Type="Home"
                Address="DonFunk@contoso.com"/>
            <EmailAddress
                Type="Primary"
                Address="Hippie@contoso.com"/>
        </EmailAddresses>
        <PhoneNumbers>
            <PhoneNumber
                Type="Home"
                CountryCode="1"
                AreaCode="111"
                Number="596-9685"/>
            <PhoneNumber
                Type="Cell"
                CountryCode="1"
                AreaCode="222"
                Number="986-3367"/>
            <PhoneNumber
                Type="Primary"
                CountryCode="1"
                AreaCode="222"
                Number="986-7415"/>
        </PhoneNumbers>
    </Person>
    <Person
        FirstName="James"
        MiddleName="R"
        LastName="Glynn"
        Suffix="Jr."
        DisplayName="Jim Junior"
        UserTile=".\user_tiles\James Glynn.jpg"
        IMAddress="Scientist@contoso.com"
        OnlineStatus="Busy">
        <EmailAddresses>
            <EmailAddress
                Type="Home"
                Address="JamesGly@contoso.com"/>
            <EmailAddress
                Type="Work"
                Address="Jglynn@treyresearch.com"/>
            <EmailAddress
                Type="Primary"
                Address="Scientist@contoso.com"/>
        </EmailAddresses>
        <PhoneNumbers>
            <PhoneNumber
                Type="Home"
                CountryCode="1"
                AreaCode="222"
                Number="945-6312"/>
            <PhoneNumber
                Type="Work"
                CountryCode="1"
                AreaCode="222"
                Number="652-3647"
                Extension="96"/>
            <PhoneNumber
                Type="Cell"
                CountryCode="1"
                AreaCode="444"
                Number="569-1245"/>
            <PhoneNumber
                Type="Primary"
                CountryCode="1"
                AreaCode="222"
                Number="652-4851"
                Extension="96"/>
        </PhoneNumbers>
    </Person>
    <Person
        FirstName="Christopher"
        LastName="Johnsen"
        NickName="Chris"
        DisplayName="Chris Johnsen"
        UserTile=".\user_tiles\Christopher Johnsen.jpg"
        IMAddress="Flipant@contoso.com"
        OnlineStatus="Online">
        <EmailAddresses>
            <EmailAddress
                Type="Home"
                Address="Flipant@contoso.com"/>
            <EmailAddress
                Type="Work"
                Address="ChrisJ@proseware.com"/>
            <EmailAddress
                Type="Primary"
                Address="Cjohnson@proseware.com"/>
        </EmailAddresses>
        <PhoneNumbers>
            <PhoneNumber
                Type="Home"
                CountryCode="1"
                AreaCode="444"
                Number="312-3348"/>
            <PhoneNumber
                Type="Work"
                CountryCode="1"
                AreaCode="444"
                Number="658-9654"
                Extension="111"/>
            <PhoneNumber
                Type="Primary"
                CountryCode="1"
                AreaCode="444"
                Number="312-8654"/>
        </PhoneNumbers>
    </Person>
    <Person
        FirstName="Barry"
        LastName="Johnson"
        DisplayName="Barry Johnson"
        UserTile=".\user_tiles\Barry Johnson.jpg"
        IMAddress="HardHat@contoso.com">
        <EmailAddresses>
            <EmailAddress
                Type="Home"
                Address="BarryJ@contoso.com"/>
            <EmailAddress
                Type="Primary"
                Address="Hardhat@contoso.com"/>
        </EmailAddresses>
        <PhoneNumbers>
            <PhoneNumber
                Type="Cell"
                CountryCode="1"
                AreaCode="444"
                Number="586-7761"/>
            <PhoneNumber
                Type="Primary"
                CountryCode="1"
                AreaCode="444"
                Number="586-9875"/>
        </PhoneNumbers>
    </Person>
    <Person
        FirstName="Brian"
        LastName="Johnson"
        DisplayName="Brian Johnson"
        UserTile=".\user_tiles\Brian Johnson.jpg"
        IMAddress="BJ@contoso.com">
        <EmailAddresses>
            <EmailAddress
                Type="Home"
                Address="BJ@contoso.com"/>
            <EmailAddress
                Type="Work"
                Address="BriJohn@woodgrovebank.com"/>
            <EmailAddress
                Type="Primary"
                Address="Bjohnson@woodgrovebank.com"/>
        </EmailAddresses>
        <PhoneNumbers>
            <PhoneNumber
                Type="Work"
                CountryCode="1"
                AreaCode="777"
                Number="685-8745"/>
            <PhoneNumber
                Type="Cell"
                CountryCode="1"
                AreaCode="777"
                Number="895-4646"/>
            <PhoneNumber
                Type="Primary"
                CountryCode="1"
                AreaCode="777"
                Number="895-7541"/>
        </PhoneNumbers>
    </Person>
    <Person
        FirstName="David"
        LastName="Johnson"
        DisplayName="David Johnson"
        UserTile=".\user_tiles\David Johnson.jpg"
        IMAddress="SingSong@contoso.com"
        OnlineStatus="Away">
        <EmailAddresses>
            <EmailAddress
                Type="Home"
                Address="SingSong@contoso.com"/>
            <EmailAddress
                Type="Work"
                Address="DJohnson@cohowinery.com"/>
            <EmailAddress
                Type="Primary"
                Address="DabidJ@cohowinery.com"/>
        </EmailAddresses>
        <PhoneNumbers>
            <PhoneNumber
                Type="Home"
                CountryCode="1"
                AreaCode="777"
                Number="265-8741"/>
            <PhoneNumber
                Type="Work"
                CountryCode="1"
                AreaCode="333"
                Number="954-9854"
                Extension="852"/>
            <PhoneNumber
                Type="Cell"
                CountryCode="1"
                AreaCode="333"
                Number="458-7891"/>
            <PhoneNumber
                Type="Primary"
                CountryCode="1"
                AreaCode="777"
                Number="265-3334"/>
        </PhoneNumbers>
    </Person>
    <Person
        FirstName="Willis"
        LastName="Johnson"
        DisplayName="Willis Johnson"
        UserTile=".\user_tiles\Willis Johinson.jpg"
        IMAddress="Famous2@contoso.com"
        OnlineStatus="Online">
        <EmailAddresses>
            <EmailAddress
                Type="Home"
                Address="WillisJ@contoso.com"/>
            <EmailAddress
                Type="Primary"
                Address="Famous2@contoso.com"/>
        </EmailAddresses>
        <PhoneNumbers>
            <PhoneNumber
                Type="Home"
                CountryCode="1"
                AreaCode="333"
                Number="975-6985"/>
            <PhoneNumber
                Type="Work"
                CountryCode="1"
                AreaCode="333"
                Number="541-4678"
                Extension="11"/>
            <PhoneNumber
                Type="Primary"
                CountryCode="1"
                AreaCode="333"
                Number="541-8754"
                Extension="11"/>
        </PhoneNumbers>
    </Person>
    <Person
        FirstName="Tamara"
        LastName="Johnston"
        DisplayName="Tamara Johnston"
        UserTile=".\user_tiles\Tamara Johnston.jpg"
        IMAddress="Tam@contoso.com">
        <EmailAddresses>
            <EmailAddress
                Type="Home"
                Address="Johnston@contoso.com"/>
            <EmailAddress
                Type="Primary"
                Address="Tam@contoso.com"/>
        </EmailAddresses>
        <PhoneNumbers>
            <PhoneNumber
                Type="Home"
                CountryCode="1"
                AreaCode="777"
                Number="985-9632"/>
            <PhoneNumber
                Type="Cell"
                CountryCode="1"
                AreaCode="444"
                Number="534-4677"/>
            <PhoneNumber
                Type="Primary"
                CountryCode="1"
                AreaCode="444"
                Number="534-8975"/>
        </PhoneNumbers>
    </Person>
    <Person
        FirstName="Brannon"
        LastName="Jones"
        DisplayName="Brannon Jones"
        UserTile=".\user_tiles\Brennon Jones.jpg"
        IMAddress="Hummer@contoso.com">
        <EmailAddresses>
            <EmailAddress
                Type="Home"
                Address="Hummer@contoso.com"/>
            <EmailAddress
                Type="Work"
                Address="BrannonJ@wingtiptoys.com"/>
            <EmailAddress
                Type="Primary"
                Address="Bjones@wingtiptoys.com"/>
        </EmailAddresses>
        <PhoneNumbers>
            <PhoneNumber
                Type="Home"
                CountryCode="1"
                AreaCode="222"
                Number="456-4672"/>
            <PhoneNumber
                Type="Work"
                CountryCode="1"
                AreaCode="222"
                Number="865-4215"
                Extension="8999"/>
            <PhoneNumber
                Type="Cell"
                CountryCode="1"
                AreaCode="222"
                Number="964-8572"/>
            <PhoneNumber
                Type="Primary"
                CountryCode="1"
                AreaCode="222"
                Number="456-9685"/>
        </PhoneNumbers>
    </Person>
    <Person
        FirstName="TiAnna"
        LastName="Jones"
        UserTile=".\user_tiles\TiAnna Jones.jpg"
        DisplayName="TiAnna Jones">
        <EmailAddresses>
            <EmailAddress
                Type="Work"
                Address="TiAnnaJ@woodgrovebank.com"/>
            <EmailAddress
                Type="Primary"
                Address="tjones@woodgrovebank.com"/>
        </EmailAddresses>
        <PhoneNumbers>
            <PhoneNumber
                Type="Work"
                CountryCode="1"
                AreaCode="333"
                Number="459-1116"/>
            <PhoneNumber
                Type="Primary"
                CountryCode="1"
                AreaCode="333"
                Number="459-7852"/>
        </PhoneNumbers>
    </Person>
    <Person
        FirstName="Katie"
        LastName="Jordan"
        UserTile=".\user_tiles\Katie Jordan.jpg"
        DisplayName="Katie Jordan">
        <EmailAddresses>
            <EmailAddress
                Type="Work"
                Address="katieJ@lucernepublishing.com"/>
            <EmailAddress
                Type="Primary"
                Address="kjordan@lucernpublishing.com"/>
        </EmailAddresses>
        <PhoneNumbers>
            <PhoneNumber
                Type="Work"
                CountryCode="1"
                AreaCode="333"
                Number="459-9551"/>
            <PhoneNumber
                Type="Primary"
                CountryCode="1"
                AreaCode="333"
                Number="459-7815"/>
        </PhoneNumbers>
    </Person>
    <Person
        FirstName="John"
        LastName="Kane"
        DisplayName="John Kane"
        UserTile=".\user_tiles\John Kane.jpg"
        IMAddress="KandyMan@contoso.com"
        OnlineStatus="Away">
        <EmailAddresses>
            <EmailAddress
                Type="Home"
                Address="Kandyman@contoso.com"/>
            <EmailAddress
                Type="Work"
                Address="Johnkane@fourthcoffee.com"/>
            <EmailAddress
                Type="Primary"
                Address="Jkane@fourthcoffee.com"/>
        </EmailAddresses>
        <PhoneNumbers>
            <PhoneNumber
                Type="Home"
                CountryCode="1"
                AreaCode="333"
                Number="968-4521"/>
            <PhoneNumber
                Type="Work"
                CountryCode="1"
                AreaCode="444"
                Number="566-8542"
                Extension="55"/>
            <PhoneNumber
                Type="Cell"
                CountryCode="1"
                AreaCode="444"
                Number="587-2877"/>
            <PhoneNumber
                Type="Primary"
                CountryCode="1"
                AreaCode="444"
                Number="587-8521"/>
        </PhoneNumbers>
    </Person>
    <Person
        FirstName="Avelino"
        LastName="Lopez Garcia"
        UserTile=".\user_tiles\Avelino Lopez Garcia.jpg"
        DisplayName="Avelino Lopez Garcia">
        <EmailAddresses>
            <EmailAddress
                Type="Work"
                Address="AvelinoG@humongousinsurance.com"/>
            <EmailAddress
                Type="Primary"
                Address="agarcia@humongousinsurance.com"/>
        </EmailAddresses>
        <PhoneNumbers>
            <PhoneNumber
                Type="Work"
                CountryCode="1"
                AreaCode="444"
                Number="513-9942"/>
            <PhoneNumber
                Type="Primary"
                CountryCode="1"
                AreaCode="444"
                Number="513-8741"/>
        </PhoneNumbers>
    </Person>
    <Person
        FirstName="Jonathon"
        LastName="Mollerup"
        UserTile=".\user_tiles\Jonathon Mollerup.jpg"
        DisplayName="Jonathon Mollerup">
        <EmailAddresses>
            <EmailAddress
                Type="Home"
                Address="Jonmoll@contoso.com"/>
            <EmailAddress
                Type="Primary"
                Address="jmollerup@contoso.com"/>
        </EmailAddresses>
        <PhoneNumbers>
            <PhoneNumber
                Type="Work"
                CountryCode="1"
                AreaCode="444"
                Number="513-3166"/>
            <PhoneNumber
                Type="Cell"
                CountryCode="1"
                AreaCode="777"
                Number="582-4515"/>
            <PhoneNumber
                Type="Primary"
                CountryCode="1"
                AreaCode="444"
                Number="513-8956"/>
        </PhoneNumbers>
    </Person>
    <Person
        FirstName="Billie Jo"
        LastName="Murray"
        DisplayName="Billie Jo Murray"
        UserTile=".\user_tiles\Billie Jo Murray.jpg"
        IMAddress="KyWoman@contoso.com"
        OnlineStatus="Away">
        <EmailAddresses>
            <EmailAddress
                Type="Home"
                Address="kywoman@contoso.com"/>
            <EmailAddress
                Type="Work"
                Address="BillieJo@fabrikam.com"/>
            <EmailAddress
                Type="Primary"
                Address="bjmurray@fabrikam.com"/>
        </EmailAddresses>
        <PhoneNumbers>
            <PhoneNumber
                Type="Home"
                CountryCode="1"
                AreaCode="777"
                Number="582-7449"/>
            <PhoneNumber
                Type="Work"
                CountryCode="1"
                AreaCode="777"
                Number="582-9874"
                Extension="222"/>
            <PhoneNumber
                Type="Primary"
                CountryCode="1"
                AreaCode="777"
                Number="582-8563"/>
        </PhoneNumbers>
    </Person>
    <Person
        FirstName="Tina"
        MiddleName="Slone"
        LastName="ODell"
        UserTile=".\user_tiles\Tina O'Dell.jpg"
        DisplayName="Tina ODell">
        <EmailAddresses>
            <EmailAddress
                Type="Work"
                Address="TinaSO@fineartschool.net"/>
            <EmailAddress
                Type="Primary"
                Address="todell@fineartschool.net"/>
        </EmailAddresses>
        <PhoneNumbers>
            <PhoneNumber
                Type="Work"
                CountryCode="1"
                AreaCode="666"
                Number="874-7229"/>
            <PhoneNumber
                Type="Primary"
                CountryCode="1"
                AreaCode="666"
                Number="874-8974"/>
        </PhoneNumbers>
    </Person>
    <Person
        FirstName="Jamie"
        LastName="Reding"
        UserTile=".\user_tiles\Jamie Reding.jpg"
        DisplayName="Jamie Reding">
        <EmailAddresses>
            <EmailAddress
                Type="Home"
                Address="Jreding@contoso.com"/>
            <EmailAddress
                Type="Work"
                Address="jamiered@treyresearch.com"/>
            <EmailAddress
                Type="Primary"
                Address="jreding@treyresearch.com"/>
        </EmailAddresses>
        <PhoneNumbers>
            <PhoneNumber
                Type="Work"
                CountryCode="1"
                AreaCode="666"
                Number="874-8888"/>
            <PhoneNumber
                Type="Cell"
                CountryCode="1"
                AreaCode="444"
                Number="111-2222"/>
            <PhoneNumber
                Type="Primary"
                CountryCode="1"
                AreaCode="666"
                Number="874-4922"/>
        </PhoneNumbers>
    </Person>
    <Person
        FirstName="Jennifer"
        LastName="Riegle"
        NickName="Jenny"
        UserTile=".\user_tiles\Jennifer Riegle.jpg"
        DisplayName="Jenny Riegle">
        <EmailAddresses>
            <EmailAddress
                Type="Home"
                Address="JanRieg@contoso.com"/>
            <EmailAddress
                Type="Primary"
                Address="jriegle@contoso.com"/>
        </EmailAddresses>
        <PhoneNumbers>
            <PhoneNumber
                Type="Work"
                CountryCode="1"
                AreaCode="444"
                Number="222-3333"/>
            <PhoneNumber
                Type="Cell"
                CountryCode="1"
                AreaCode="444"
                Number="444-8416"/>
            <PhoneNumber
                Type="Primary"
                CountryCode="1"
                AreaCode="444"
                Number="444-5555"/>
        </PhoneNumbers>
    </Person>
    <Person
        FirstName="John"
        LastName="Rodman"
        DisplayName="John Rodman"
        UserTile=".\user_tiles\John Rodman.jpg"
        IMAddress="2Bytes@contoso.com"
        OnlineStatus="Busy">
        <EmailAddresses>
            <EmailAddress
                Type="Home"
                Address="JRodman@contoso.com"/>
            <EmailAddress
                Type="Work"
                Address="Johnrod@graphicdesigninstitute.com"/>
            <EmailAddress
                Type="Primary"
                Address="2bytes@contoso.com"/>
        </EmailAddresses>
        <PhoneNumbers>
            <PhoneNumber
                Type="Home"
                CountryCode="1"
                AreaCode="555"
                Number="654-5946"/>
            <PhoneNumber
                Type="Work"
                CountryCode="1"
                AreaCode="555"
                Number="555-7878"/>
            <PhoneNumber
                Type="Cell"
                CountryCode="1"
                AreaCode="666"
                Number="161-5656"/>
            <PhoneNumber
                Type="Primary"
                CountryCode="1"
                AreaCode="555"
                Number="654-9633"/>
        </PhoneNumbers>
    </Person>
    <Person
        FirstName="Jose"
        MiddleName="Edvaldo"
        LastName="Saraiva"
        UserTile=".\user_tiles\Jose Saraiva.jpg"
        DisplayName="Jose Saraiva">
        <EmailAddresses>
            <EmailAddress
                Type="Home"
                Address="JESara@contoso.com"/>
            <EmailAddress
                Type="Work"
                Address="Jose@proseware.com"/>
            <EmailAddress
                Type="Primary"
                Address="JSaraiva@proseware.com"/>
        </EmailAddresses>
        <PhoneNumbers>
            <PhoneNumber
                Type="Work"
                CountryCode="1"
                AreaCode="666"
                Number="666-8552"/>
            <PhoneNumber
                Type="Primary"
                CountryCode="1"
                AreaCode="666"
                Number="666-5252"/>
        </PhoneNumbers>
    </Person>
    <Person
        FirstName="Jim"
        LastName="Scardelis"
        DisplayName="Jim Scardelis"
        UserTile=".\user_tiles\Jim Scardelis.jpg"
        IMAddress="ScarFace@contoso.com"
        OnlineStatus="Online">
        <EmailAddresses>
            <EmailAddress
                Type="Home"
                Address="JScardel@contoso.com"/>
            <EmailAddress
                Type="Primary"
                Address="scarface@contoso.com"/>
        </EmailAddresses>
        <PhoneNumbers>
            <PhoneNumber
                Type="Home"
                CountryCode="1"
                AreaCode="555"
                Number="465-4545"/>
            <PhoneNumber
                Type="Work"
                CountryCode="1"
                AreaCode="222"
                Number="252-9117"/>
            <PhoneNumber
                Type="Cell"
                CountryCode="1"
                AreaCode="333"
                Number="353-3535"/>
            <PhoneNumber
                Type="Primary"
                CountryCode="1"
                AreaCode="222"
                Number="252-5252"/>
        </PhoneNumbers>
    </Person>
    <Person
        FirstName="Lori"
        MiddleName="J"
        LastName="Shea"
        UserTile=".\user_tiles\Lori Shea.jpg"
        DisplayName="Lori Shea">
        <EmailAddresses>
            <EmailAddress
                Type="Work"
                Address="LJS@humongousinsurance.com"/>
            <EmailAddress
                Type="Primary"
                Address="LoriShea@humongousinsurance.com"/>
        </EmailAddresses>
        <PhoneNumbers>
            <PhoneNumber
                Type="Work"
                CountryCode="1"
                AreaCode="444"
                Number="454-8886"/>
            <PhoneNumber
                Type="Primary"
                CountryCode="1"
                AreaCode="444"
                Number="454-5454"/>
        </PhoneNumbers>
    </Person>
    <Person
        FirstName="Jeff"
        LastName="Smith"
        DisplayName="Jeff Smith"
        UserTile=".\user_tiles\Jeff Smith.jpg"
        IMAddress="J-Man@contoso.com">
        <EmailAddresses>
            <EmailAddress
                Type="Home"
                Address="J-man@contoso.com"/>
            <EmailAddress
                Type="Work"
                Address="JSmith@treyresearch.com"/>
            <EmailAddress
                Type="Primary"
                Address="JeffSmth@treyresearch.com"/>
        </EmailAddresses>
        <PhoneNumbers>
            <PhoneNumber
                Type="Home"
                CountryCode="1"
                AreaCode="555"
                Number="664-4228"/>
            <PhoneNumber
                Type="Work"
                CountryCode="1"
                AreaCode="777"
                Number="125-5212"
                Extension="885"/>
            <PhoneNumber
                Type="Primary"
                CountryCode="1"
                AreaCode="555"
                Number="664-6464"/>
        </PhoneNumbers>
    </Person>
    <Person
        FirstName="John"
        LastName="Smith"
        UserTile=".\user_tiles\John Smith.jpg"
        DisplayName="John Smith">
        <EmailAddresses>
            <EmailAddress
                Type="Work"
                Address="JohnS@treyresearch.com"/>
            <EmailAddress
                Type="Primary"
                Address="JohnSm@treyresearch.com"/>
        </EmailAddresses>
        <PhoneNumbers>
            <PhoneNumber
                Type="Work"
                CountryCode="1"
                AreaCode="555"
                Number="987-8562"/>
            <PhoneNumber
                Type="Cell"
                CountryCode="1"
                AreaCode="555"
                Number="485-5715"/>
            <PhoneNumber
                Type="Primary"
                CountryCode="1"
                AreaCode="555"
                Number="485-5700"/>
    </PhoneNumbers>
    </Person>
    <Person
        FirstName="Manoj"
        LastName="Syamala"
        UserTile=".\user_tiles\Manoj Syamala.jpg"
        DisplayName="Manoj Syamala">
        <EmailAddresses>
            <EmailAddress
                Type="Home"
                Address="ManSyam@contoso.com"/>
            <EmailAddress
                Type="Work"
                Address="ManojS@treyresearch.com"/>
            <EmailAddress
                Type="Primary"
                Address="MSyamala@treyresearch.com"/>
        </EmailAddresses>
        <PhoneNumbers>
            <PhoneNumber
                Type="Home"
                CountryCode="1"
                AreaCode="111"
                Number="545-8226"/>
            <PhoneNumber
                Type="Work"
                CountryCode="1"
                AreaCode="111"
                Number="251-5554"/>
            <PhoneNumber
                Type="Primary"
                CountryCode="1"
                AreaCode="111"
                Number="545-5252"/>
        </PhoneNumbers>
    </Person>
    <Person
        FirstName="John"
        LastName="Tippet"
        UserTile=".\user_tiles\John Tippet.jpg"
        DisplayName="John Tippet">
        <EmailAddresses>
            <EmailAddress
                Type="Work"
                Address="JohnTrip@treyresearch.com"/>
            <EmailAddress
                Type="Primary"
                Address="jtippet@treyresearch.com"/>
        </EmailAddresses>
        <PhoneNumbers>
            <PhoneNumber
                Type="Work"
                CountryCode="1"
                AreaCode="111"
                Number="321-4448"
                Extension="654"/>
            <PhoneNumber
                Type="Primary"
                CountryCode="1"
                AreaCode="111"
                Number="321-1232"/>
        </PhoneNumbers>
    </Person>
    <Person
        FirstName="Julie"
        LastName="Taft-Rider"
        UserTile=".\user_tiles\Julie Taft-Rider.jpg"
        DisplayName="Julie Taft-Rider">
        <EmailAddresses>
            <EmailAddress
                Type="Work"
                Address="JulieTR@teyresearch.com"/>
            <EmailAddress
                Type="Primary"
                Address="jtaft@treyresearch.com"/>
        </EmailAddresses>
        <PhoneNumbers>
            <PhoneNumber
                Type="Work"
                CountryCode="1"
                AreaCode="444"
                Number="874-9664"/>
            <PhoneNumber
                Type="Primary"
                CountryCode="1"
                AreaCode="444"
                Number="874-4874"/>
        </PhoneNumbers>
    </Person>
    <Person
        FirstName="James"
        LastName="Van Eaton"
        NickName="Jim"
        UserTile=".\user_tiles\Jim Van Eaton.jpg"
        DisplayName="Jim Van Eaton">
        <EmailAddresses>
            <EmailAddress
                Type="Home"
                Address="JVanEatn@contoso.com"/>
            <EmailAddress
                Type="Work"
                Address="JamesVE@fabrikam.com"/>
            <EmailAddress
                Type="Primary"
                Address="jimvan@fabrikam.com"/>
        </EmailAddresses>
        <PhoneNumbers>
            <PhoneNumber
                Type="Work"
                CountryCode="1"
                AreaCode="666"
                Number="154-8522"/>
            <PhoneNumber
                Type="Cell"
                CountryCode="1"
                AreaCode="666"
                Number="541-8249"/>
            <PhoneNumber
                Type="Primary"
                CountryCode="1"
                AreaCode="666"
                Number="541-9987"/>
        </PhoneNumbers>
    </Person>
    <Person
        FirstName="H."
        MiddleName="Brian"
        LastName="Valentine"
        DisplayName="Brian Valentine"
        UserTile=".\user_tiles\Brian-Valentine.jpg"
        IMAddress="KingofHearts@contoso.com"
        OnlineStatus="Away">
        <EmailAddresses>
            <EmailAddress
                Type="Home"
                Address="kingofhearts@contoso.com"/>
            <EmailAddress
                Type="Work"
                Address="BrianV@fourthcoffee.com"/>
            <EmailAddress
                Type="Primary"
                Address="HBValent@fourthcoffee.com"/>
        </EmailAddresses>
        <PhoneNumbers>
            <PhoneNumber
                Type="Home"
                CountryCode="1"
                AreaCode="222"
                Number="564-3119"/>
            <PhoneNumber
                Type="Work"
                CountryCode="1"
                AreaCode="222"
                Number="658-9997"
                Extension="456"/>
            <PhoneNumber
                Type="Cell"
                CountryCode="1"
                AreaCode="333"
                Number="589-9858"/>     
            <PhoneNumber
                Type="Primary"
                CountryCode="1"
                AreaCode="222"
                Number="564-8524"/>
        </PhoneNumbers>
    </Person>
    <Person
        FirstName="John"
        LastName="Wood"
        DisplayName="John Wood"
        UserTile=".\user_tiles\John Wood.jpg"
        IMAddress="Woody@contoso.com"
        OnlineStatus="Online">
        <EmailAddresses>
            <EmailAddress
                Type="Home"
                Address="Woody@contoso.com"/>
            <EmailAddress
                Type="Primary"
                Address="JohnWood@contoso.com"/>
        </EmailAddresses>
        <PhoneNumbers>
            <PhoneNumber
                Type="Home"
                CountryCode="1"
                AreaCode="222"
                Number="125-4965"/>
            <PhoneNumber
                Type="Primary"
                CountryCode="1"
                AreaCode="222"
                Number="125-4521"/>
        </PhoneNumbers>
    </Person>
  </People>

  <Organizations>
    <Organization Name= "Microsoft Corporation">
        <Member DisplayName="Bill Gates"/>
        <EmailAddresses>
            <EmailAddress
                Type="Work"
                Address="work@microsoft.com"/>
            <EmailAddress
                Type="Primary"
                Address="Support@microsoft.com"/>          
        </EmailAddresses>
        <PhoneNumbers>
            <PhoneNumber
                Type="Work"
                CountryCode="1"
                AreaCode="111"
                Number="888-6225"/>
            <PhoneNumber
                Type="Primary"
                CountryCode="1"
                AreaCode="111"
                Number="888-8080"/>
        </PhoneNumbers>
    </Organization>
  </Organizations>

  <Groups>
    <Group Name="Family Friends">
        <Member DisplayName="Bill Gates"/>
    </Group>
    <Group Name="Microsoft Bridge Club">
        <Member DisplayName="Bill Gates"/>
    </Group>
    <Group Name="Developers Chat">
        <Member DisplayName="Bill Gates"/>
    </Group>
    <Group Name="Technical Privacy Discussions">
        <Member DisplayName="Bill Gates"/>
    </Group>
    <Group Name="London People">
        <Member DisplayName="Bill Gates"/>
    </Group>
  </Groups>

</SampleData>
